case_id,dispute_reason,order_amount_inr,avs_match,cvv_match,delivery_confirmed,signature_or_otp_confirmed,device_matches_prior_orders,no_prior_dispute_history,is_genuinely_legit,would_win_if_fought
CB-1000,unauthorized,779.37,True,True,True,True,True,True,1,0
CB-1001,unauthorized,814.17,True,True,False,False,False,False,0,0
CB-1002,unauthorized,11480.3,False,True,True,False,False,True,0,0
CB-1003,unauthorized,5033.71,True,True,True,True,True,True,1,1
CB-1004,item_not_received,849.71,True,False,False,True,False,True,0,0
CB-1005,unauthorized,1026.13,True,True,True,True,True,True,1,1
CB-1006,item_not_received,223.52,False,False,False,False,True,True,0,0
CB-1007,not_as_described,2210.35,False,True,True,False,True,True,1,1
CB-1008,unauthorized,376.64,True,True,True,True,True,True,1,0
CB-1009,unauthorized,1580.44,False,True,True,False,False,True,1,0
CB-1010,unauthorized,1702.51,True,False,False,False,True,True,1,0
CB-1011,unauthorized,192.4,True,True,True,False,True,True,1,1
CB-1012,duplicate_charge,3565.81,True,True,True,True,True,False,1,1
CB-1013,item_not_received,3434.23,True,True,False,True,True,True,1,0
CB-1014,unauthorized,2165.65,True,True,True,True,True,True,1,1
CB-1015,unauthorized,2158.31,True,True,False,False,False,False,0,0
CB-1016,item_not_received,1067.27,True,True,True,True,False,False,0,0
CB-1017,unauthorized,2850.19,True,True,True,False,True,True,1,1
CB-1018,not_as_described,1635.15,True,True,False,True,False,True,1,0
CB-1019,duplicate_charge,1229.77,True,True,True,True,True,True,1,1
CB-1020,item_not_received,691.98,False,True,True,True,True,True,1,1
CB-1021,not_as_described,840.69,True,True,True,True,True,True,1,1
CB-1022,item_not_received,1182.38,False,False,False,False,False,True,0,0
CB-1023,unauthorized,4206.25,False,True,False,True,False,True,1,1
CB-1024,unauthorized,2536.34,True,False,False,True,False,True,0,0
CB-1025,item_not_received,400.24,True,True,True,True,True,True,1,1
CB-1026,unauthorized,3948.79,True,True,False,True,True,True,1,1
CB-1027,unauthorized,4161.16,True,True,False,True,True,True,1,0
CB-1028,not_as_described,1441.99,False,True,True,False,False,False,1,0
CB-1029,not_as_described,3060.11,False,True,True,False,False,True,0,0
CB-1030,not_as_described,470.39,False,False,True,False,False,True,0,0
CB-1031,item_not_received,505.9,True,True,False,False,False,False,0,1
CB-1032,unauthorized,463.03,True,True,True,True,True,True,1,1
CB-1033,unauthorized,2663.22,False,True,True,False,True,True,1,1
CB-1034,item_not_received,1791.01,True,False,True,False,True,False,1,0
CB-1035,unauthorized,147.4,True,True,False,False,False,False,0,0
CB-1036,unauthorized,1134.88,True,True,False,False,False,False,0,0
CB-1037,item_not_received,240.34,False,False,False,False,False,False,0,0
CB-1038,unauthorized,1796.19,True,True,False,True,False,False,0,0
CB-1039,not_as_described,1074.97,True,True,True,True,True,True,1,1
CB-1040,unauthorized,2749.4,True,True,True,True,False,True,0,1
CB-1041,not_as_described,1114.3,False,True,True,False,False,False,0,1
CB-1042,unauthorized,1202.53,True,True,True,False,False,True,1,1
CB-1043,item_not_received,3786.93,False,True,False,False,False,False,0,1
CB-1044,item_not_received,9173.13,False,False,False,False,True,True,1,0
CB-1045,unauthorized,1619.17,True,True,True,False,False,False,0,0
CB-1046,unauthorized,5695.45,True,True,False,False,True,True,0,0
CB-1047,unauthorized,10942.65,True,True,False,False,False,False,0,0
CB-1048,unauthorized,2853.27,True,True,True,False,True,True,1,1
CB-1049,not_as_described,460.9,True,True,False,True,True,True,1,1
CB-1050,item_not_received,2923.23,True,True,True,False,True,True,1,1
CB-1051,unauthorized,809.24,True,True,True,False,False,True,1,1
CB-1052,not_as_described,1208.0,False,True,True,False,True,False,0,0
CB-1053,item_not_received,3898.43,True,True,True,True,True,True,1,1
CB-1054,unauthorized,1801.44,True,True,True,False,False,True,1,1
CB-1055,not_as_described,768.8,True,True,True,False,False,True,1,1
CB-1056,duplicate_charge,254.16,True,True,False,True,False,True,1,0
CB-1057,unauthorized,3003.79,False,True,True,False,False,False,0,0
CB-1058,unauthorized,1160.32,True,True,True,True,True,True,1,1
CB-1059,unauthorized,1621.32,True,True,False,True,False,False,0,0
CB-1060,unauthorized,373.44,False,True,True,True,False,False,0,0
CB-1061,item_not_received,405.9,True,True,True,True,False,True,1,0
CB-1062,item_not_received,2321.27,False,True,True,False,True,True,0,0
CB-1063,unauthorized,855.25,True,False,False,False,False,False,0,0
CB-1064,not_as_described,1681.73,True,True,False,False,False,True,0,0
CB-1065,item_not_received,2101.55,True,False,False,False,True,False,1,1
CB-1066,item_not_received,5208.14,False,True,True,True,False,True,1,1
CB-1067,item_not_received,5544.31,False,False,True,False,True,False,0,0
CB-1068,unauthorized,501.18,True,True,True,False,False,True,0,0
CB-1069,unauthorized,256.47,False,True,False,False,True,True,0,0
CB-1070,unauthorized,1107.89,True,True,False,True,True,True,1,1
CB-1071,item_not_received,2003.9,True,True,True,True,True,True,1,1
CB-1072,duplicate_charge,579.19,True,True,True,True,True,False,1,0
CB-1073,not_as_described,4068.01,True,True,True,True,True,False,1,1
CB-1074,not_as_described,1334.5,True,True,True,False,True,True,1,1
CB-1075,item_not_received,1556.14,False,True,True,False,False,True,0,0
CB-1076,item_not_received,1299.56,True,True,True,False,True,True,1,1
CB-1077,not_as_described,1391.42,True,True,True,True,True,True,1,0
CB-1078,unauthorized,1435.59,True,False,False,False,False,True,1,0
CB-1079,not_as_described,1810.68,True,True,False,True,True,True,1,1
CB-1080,unauthorized,990.6,False,True,True,False,True,True,1,1
CB-1081,not_as_described,1154.68,False,True,True,True,True,True,1,1
CB-1082,not_as_described,2673.5,False,True,False,True,False,True,0,0
CB-1083,unauthorized,1680.82,True,False,False,False,False,False,0,0
CB-1084,unauthorized,2278.36,True,True,True,False,True,True,1,0
CB-1085,unauthorized,1839.4,True,True,True,False,True,True,1,0
CB-1086,item_not_received,905.18,False,True,False,True,True,False,0,0
CB-1087,item_not_received,2395.25,True,True,True,True,True,True,1,1
CB-1088,not_as_described,693.57,False,True,True,False,False,True,0,0
CB-1089,unauthorized,3229.15,False,True,True,True,False,True,0,0
CB-1090,unauthorized,160.01,True,True,False,False,False,False,0,0
CB-1091,not_as_described,3338.97,False,True,True,False,True,False,0,0
CB-1092,unauthorized,600.68,True,True,True,True,False,True,1,1
CB-1093,unauthorized,3532.19,True,False,False,False,False,False,0,1
CB-1094,unauthorized,989.9,True,True,False,True,False,True,0,0
CB-1095,not_as_described,1171.04,True,True,False,True,False,False,0,0
CB-1096,unauthorized,803.04,True,True,False,True,True,True,1,1
CB-1097,unauthorized,496.68,False,False,False,False,False,False,0,0
CB-1098,unauthorized,10631.96,False,True,False,False,True,True,0,0
CB-1099,unauthorized,2395.19,True,True,True,False,True,True,1,1
CB-1100,unauthorized,555.31,True,True,True,False,True,True,1,0
CB-1101,not_as_described,260.73,True,True,True,True,True,True,1,0
CB-1102,item_not_received,2174.42,True,True,False,True,False,False,0,0
CB-1103,item_not_received,956.1,True,True,False,False,False,True,0,0
CB-1104,item_not_received,1958.43,True,True,True,False,False,True,1,1
CB-1105,unauthorized,2224.66,False,True,False,False,False,True,1,1
CB-1106,unauthorized,9597.23,False,True,False,False,False,True,0,0
CB-1107,item_not_received,2810.02,True,False,True,False,True,True,1,1
CB-1108,item_not_received,309.59,False,True,False,False,True,True,0,0
CB-1109,item_not_received,4124.11,False,True,False,True,True,False,1,1
CB-1110,item_not_received,816.96,True,False,True,True,False,False,0,0
CB-1111,unauthorized,931.47,True,True,False,False,False,False,0,0
CB-1112,not_as_described,23912.49,True,True,True,True,False,False,1,1
CB-1113,item_not_received,1363.63,True,True,True,True,False,True,1,1
CB-1114,unauthorized,597.4,True,True,True,True,False,True,1,1
CB-1115,item_not_received,356.74,False,True,False,False,False,True,0,0
CB-1116,not_as_described,688.78,True,True,False,False,True,True,1,1
CB-1117,item_not_received,539.1,True,True,True,True,True,True,1,1
CB-1118,not_as_described,5174.13,False,True,False,False,True,False,1,1
CB-1119,item_not_received,1232.22,True,False,True,False,False,True,0,0
CB-1120,unauthorized,4841.62,True,True,False,True,False,False,0,0
CB-1121,item_not_received,6472.38,True,True,False,True,True,True,1,1
CB-1122,unauthorized,329.95,True,True,True,False,False,True,0,0
CB-1123,item_not_received,373.86,False,True,False,False,False,True,0,0
CB-1124,item_not_received,341.64,True,False,True,True,True,True,0,0
CB-1125,not_as_described,536.79,False,True,True,False,True,True,1,1
CB-1126,item_not_received,3248.04,True,True,True,True,True,True,1,1
CB-1127,unauthorized,614.14,True,False,True,True,False,True,1,1
CB-1128,item_not_received,731.93,False,False,False,False,True,True,0,0
CB-1129,item_not_received,1229.5,True,True,True,True,False,False,0,0
CB-1130,unauthorized,1902.95,True,True,True,True,True,True,1,1
CB-1131,not_as_described,551.47,True,False,False,False,False,True,0,0
CB-1132,unauthorized,2345.78,True,False,True,True,True,True,1,1
CB-1133,unauthorized,187.15,True,True,True,False,False,True,0,0
CB-1134,unauthorized,11063.83,True,True,False,False,True,True,0,0
CB-1135,not_as_described,6304.69,True,True,True,False,True,True,1,1
CB-1136,item_not_received,2238.84,True,True,False,True,True,True,1,1
CB-1137,not_as_described,5058.76,False,True,False,True,False,False,0,0
CB-1138,item_not_received,2224.22,True,False,True,False,False,True,0,0
CB-1139,item_not_received,1248.09,True,True,False,False,False,True,0,0
CB-1140,unauthorized,663.64,False,True,True,False,False,False,0,0
CB-1141,unauthorized,4022.38,True,True,False,False,True,True,1,1
CB-1142,item_not_received,198.4,True,True,True,False,True,True,0,0
CB-1143,item_not_received,2987.63,True,True,True,False,True,True,1,1
CB-1144,item_not_received,1320.91,False,True,True,True,False,True,0,0
CB-1145,item_not_received,21497.97,True,True,False,False,True,True,0,0
CB-1146,item_not_received,714.03,True,True,False,True,True,True,1,1
CB-1147,unauthorized,5255.51,True,True,False,True,True,True,1,1
CB-1148,item_not_received,5043.34,True,True,False,False,True,True,1,0
CB-1149,item_not_received,389.59,True,True,True,True,True,False,1,1
CB-1150,item_not_received,1896.48,True,True,True,True,True,False,1,1
CB-1151,unauthorized,359.92,True,True,False,False,False,False,0,0
CB-1152,item_not_received,661.78,True,True,True,False,True,True,1,1
CB-1153,unauthorized,2075.12,False,True,True,True,True,True,1,1
CB-1154,unauthorized,437.27,False,True,True,False,False,True,1,1
CB-1155,unauthorized,1394.36,True,True,False,True,True,True,1,0
CB-1156,item_not_received,812.49,True,True,True,False,False,True,1,1
CB-1157,not_as_described,387.61,True,False,False,False,False,True,0,0
CB-1158,not_as_described,3730.22,True,True,True,False,True,True,1,1
CB-1159,item_not_received,698.33,True,True,True,True,False,True,1,1
CB-1160,unauthorized,1134.63,True,True,True,True,True,True,1,0
CB-1161,not_as_described,2661.82,True,True,True,False,False,False,0,0
CB-1162,not_as_described,148.04,True,True,True,False,True,True,1,0
CB-1163,item_not_received,110.94,True,False,True,False,True,False,0,0
CB-1164,item_not_received,2663.06,True,False,True,True,True,True,1,0
CB-1165,item_not_received,2894.65,True,False,True,True,True,True,1,1
CB-1166,duplicate_charge,2714.7,False,True,False,False,False,True,0,0
CB-1167,item_not_received,860.14,False,True,False,False,False,True,0,0
CB-1168,not_as_described,2715.16,True,True,False,False,False,False,0,0
CB-1169,item_not_received,532.38,False,True,True,False,False,True,1,1
CB-1170,item_not_received,6291.75,False,False,True,False,False,False,0,0
CB-1171,unauthorized,821.18,False,True,True,False,True,False,1,1
CB-1172,item_not_received,3245.1,True,True,True,False,True,False,0,0
CB-1173,item_not_received,338.16,False,True,False,False,False,True,0,1
CB-1174,not_as_described,4182.69,True,True,True,True,False,False,1,1
CB-1175,item_not_received,2410.15,False,True,False,False,True,False,0,0
CB-1176,not_as_described,371.13,True,True,False,False,False,True,0,0
CB-1177,unauthorized,2544.39,True,True,True,True,True,True,1,1
CB-1178,unauthorized,100.0,True,True,True,False,True,True,0,0
CB-1179,item_not_received,601.38,True,True,True,True,False,True,1,1
CB-1180,duplicate_charge,2842.4,False,True,False,True,True,True,0,0
CB-1181,item_not_received,1483.05,True,True,True,True,False,True,1,1
CB-1182,not_as_described,1376.94,True,False,True,False,False,False,0,0
CB-1183,item_not_received,332.22,False,True,False,False,True,False,0,0
CB-1184,not_as_described,495.52,True,True,True,False,True,True,1,1
CB-1185,not_as_described,860.09,True,True,False,True,True,False,1,0
CB-1186,unauthorized,5850.26,True,False,False,True,False,True,0,0
CB-1187,unauthorized,4049.64,True,True,False,True,True,True,0,0
CB-1188,not_as_described,1478.68,True,False,True,True,True,True,1,1
CB-1189,duplicate_charge,1192.91,True,True,False,False,False,False,0,0
CB-1190,not_as_described,2973.62,True,True,True,True,True,False,1,0
CB-1191,item_not_received,1449.96,True,False,True,False,True,True,1,1
CB-1192,item_not_received,2383.85,True,False,True,False,False,False,0,1
CB-1193,not_as_described,5350.05,False,True,False,False,False,False,0,0
CB-1194,unauthorized,1557.25,True,True,True,False,False,True,0,0
CB-1195,item_not_received,1116.62,True,True,True,False,True,True,1,1
CB-1196,unauthorized,1441.42,True,True,True,False,False,True,1,0
CB-1197,unauthorized,2525.21,False,True,False,False,False,False,0,0
CB-1198,unauthorized,3487.01,True,True,True,True,True,True,1,1
CB-1199,duplicate_charge,1745.41,True,True,False,False,True,True,1,0
CB-1200,unauthorized,1640.53,True,True,True,False,False,True,1,0
CB-1201,not_as_described,1048.78,True,True,True,False,True,False,1,1
CB-1202,unauthorized,1190.16,True,True,False,False,True,True,0,0
CB-1203,unauthorized,693.59,False,True,True,False,False,True,0,1
CB-1204,not_as_described,6230.88,True,True,True,True,True,False,0,0
CB-1205,unauthorized,5043.65,True,True,True,True,False,True,1,0
CB-1206,item_not_received,786.77,False,False,False,False,True,False,0,0
CB-1207,item_not_received,567.06,False,True,True,False,False,True,0,0
CB-1208,not_as_described,4942.77,False,True,False,True,True,True,1,1
CB-1209,not_as_described,8951.91,False,True,True,True,True,True,1,1
CB-1210,unauthorized,976.15,True,True,True,True,False,True,1,1
CB-1211,item_not_received,1526.67,True,False,False,False,False,False,0,0
CB-1212,item_not_received,3384.28,True,True,True,True,False,False,1,1
CB-1213,item_not_received,3805.71,True,True,False,False,False,True,0,0
CB-1214,unauthorized,17304.29,True,True,True,False,False,True,1,1
CB-1215,item_not_received,1879.01,True,True,True,False,False,True,0,0
CB-1216,unauthorized,821.88,True,True,True,True,False,True,0,0
CB-1217,unauthorized,7931.31,True,True,False,True,False,False,0,0
CB-1218,unauthorized,2400.84,True,False,False,True,True,False,0,0
CB-1219,unauthorized,1039.95,False,True,False,False,False,False,0,0
CB-1220,unauthorized,900.63,True,True,False,False,False,False,0,0
CB-1221,item_not_received,1097.68,False,True,True,False,True,True,1,1
CB-1222,unauthorized,2055.09,True,True,True,False,False,False,0,0
CB-1223,not_as_described,2253.41,False,False,False,True,False,False,0,0
CB-1224,unauthorized,934.13,True,True,False,True,True,True,1,1
CB-1225,unauthorized,1252.65,True,True,True,False,True,True,1,1
CB-1226,item_not_received,489.75,True,False,False,False,False,True,0,0
CB-1227,item_not_received,4365.96,True,True,True,True,True,True,1,1
CB-1228,duplicate_charge,5141.1,True,True,True,False,False,True,1,1
CB-1229,unauthorized,1080.99,True,True,False,False,True,True,1,1
CB-1230,unauthorized,388.0,True,False,False,False,False,True,0,0
CB-1231,item_not_received,2079.83,True,True,True,True,True,True,1,1
CB-1232,not_as_described,509.72,True,True,True,False,True,True,1,0
CB-1233,unauthorized,2419.08,True,True,True,True,False,True,1,1
CB-1234,unauthorized,1505.16,True,True,True,True,False,True,1,0
CB-1235,unauthorized,806.13,False,True,False,False,True,True,0,0
CB-1236,item_not_received,897.19,True,False,False,True,False,True,1,1
CB-1237,not_as_described,1991.51,True,True,True,True,True,True,1,1
CB-1238,item_not_received,822.34,False,True,True,False,False,False,0,0
CB-1239,unauthorized,356.84,True,True,False,False,False,False,0,0
CB-1240,unauthorized,2097.23,True,True,True,False,False,True,1,1
CB-1241,item_not_received,5456.6,True,False,True,False,True,True,1,1
CB-1242,unauthorized,1877.1,False,True,True,True,True,True,1,0
CB-1243,not_as_described,1474.44,True,False,True,True,True,True,1,0
CB-1244,not_as_described,2624.02,True,True,False,True,True,True,1,1
CB-1245,unauthorized,5180.66,True,True,True,True,True,False,1,1
CB-1246,item_not_received,480.49,True,True,False,False,False,True,0,1
CB-1247,unauthorized,732.88,True,True,True,True,True,True,1,1
CB-1248,unauthorized,842.8,True,True,False,True,True,False,1,0
CB-1249,item_not_received,1779.7,True,True,False,False,False,False,0,0
CB-1250,item_not_received,915.42,True,True,False,False,False,True,1,1
CB-1251,item_not_received,1186.96,False,False,False,False,False,False,0,0
CB-1252,item_not_received,847.69,True,True,True,False,True,True,1,1
CB-1253,unauthorized,583.86,True,True,True,False,True,False,1,1
CB-1254,item_not_received,1330.85,True,True,True,True,False,False,1,1
CB-1255,item_not_received,1254.95,False,True,True,True,True,True,1,0
CB-1256,item_not_received,4812.02,True,True,True,False,False,True,1,1
CB-1257,duplicate_charge,2660.12,True,True,False,True,True,True,1,1
CB-1258,unauthorized,1925.26,False,True,False,False,False,False,1,1
CB-1259,item_not_received,303.02,True,True,True,False,True,True,1,1
CB-1260,item_not_received,1713.59,True,True,True,True,True,False,1,0
CB-1261,not_as_described,317.03,False,False,False,False,False,False,0,0
CB-1262,item_not_received,314.52,True,True,False,False,True,True,0,0
CB-1263,unauthorized,138.87,True,True,True,False,False,True,1,1
CB-1264,unauthorized,811.81,True,True,True,False,False,True,1,1
CB-1265,item_not_received,1616.47,False,False,False,True,True,False,1,0
CB-1266,unauthorized,2129.56,True,True,True,True,True,True,1,1
CB-1267,item_not_received,2303.66,False,True,False,False,False,False,0,0
CB-1268,not_as_described,7438.94,True,True,True,True,True,False,1,1
CB-1269,not_as_described,2376.14,True,True,True,True,True,False,1,1
CB-1270,unauthorized,2080.15,True,True,True,True,False,False,1,1
CB-1271,unauthorized,1441.81,True,True,True,False,True,True,1,1
CB-1272,item_not_received,676.54,False,True,True,True,True,True,1,1
CB-1273,not_as_described,5454.62,True,True,True,True,True,True,1,1
CB-1274,unauthorized,2073.54,True,False,True,True,False,True,1,1
CB-1275,not_as_described,1275.97,False,True,False,False,True,False,0,0
CB-1276,unauthorized,1030.95,False,True,False,False,True,False,0,0
CB-1277,item_not_received,164.7,True,True,True,True,True,True,1,1
CB-1278,item_not_received,2237.72,False,True,True,True,True,False,1,1
CB-1279,not_as_described,1534.01,True,True,True,False,True,True,1,1
CB-1280,item_not_received,275.53,True,True,True,True,True,True,1,0
CB-1281,not_as_described,6993.82,False,True,True,True,True,True,1,0
CB-1282,item_not_received,1758.61,False,True,True,False,True,True,1,0
CB-1283,item_not_received,456.75,True,False,True,False,False,True,0,0
CB-1284,unauthorized,1207.25,True,True,False,True,True,True,1,1
CB-1285,item_not_received,895.19,False,True,False,False,False,False,0,0
CB-1286,unauthorized,306.99,True,True,False,True,False,True,1,1
CB-1287,unauthorized,3440.9,False,False,True,False,False,False,0,0
CB-1288,item_not_received,674.96,True,True,False,False,False,True,0,1
CB-1289,unauthorized,2649.38,True,True,True,False,False,True,1,1
CB-1290,duplicate_charge,1374.87,True,False,False,False,False,False,0,0
CB-1291,not_as_described,250.76,True,True,True,False,True,False,1,0
CB-1292,not_as_described,653.83,False,False,False,False,False,True,0,0
CB-1293,item_not_received,799.35,False,True,True,True,False,False,1,0
CB-1294,item_not_received,4469.18,True,True,True,True,True,True,1,0
CB-1295,item_not_received,7404.9,True,True,True,True,False,True,1,0
CB-1296,not_as_described,1312.56,True,False,True,False,False,True,0,0
CB-1297,item_not_received,3155.07,False,True,False,False,True,False,0,0
CB-1298,item_not_received,5269.93,True,False,True,False,True,True,0,0
CB-1299,item_not_received,4533.42,True,False,True,True,False,True,1,1
CB-1300,item_not_received,1442.64,True,True,True,True,True,True,1,1
CB-1301,not_as_described,671.36,False,True,True,False,False,True,1,1
CB-1302,unauthorized,1102.57,True,True,True,False,False,False,0,0
CB-1303,unauthorized,1504.08,True,True,False,False,False,True,0,0
CB-1304,item_not_received,967.59,False,True,False,True,True,True,1,1
CB-1305,not_as_described,7589.77,True,False,False,False,False,True,0,0
CB-1306,unauthorized,440.06,True,True,False,True,False,True,1,0
CB-1307,item_not_received,2277.87,False,True,False,False,False,False,0,0
CB-1308,duplicate_charge,1286.2,True,True,True,False,True,False,1,0
CB-1309,unauthorized,339.54,True,True,True,True,True,True,1,1
CB-1310,item_not_received,3962.1,True,True,False,False,False,True,0,0
CB-1311,item_not_received,656.17,True,True,True,False,False,False,0,0
CB-1312,unauthorized,3036.56,True,True,True,True,True,True,1,1
CB-1313,item_not_received,820.3,True,True,False,False,False,False,0,0
CB-1314,item_not_received,9242.01,True,True,True,True,True,False,1,1
CB-1315,unauthorized,6605.64,False,True,True,True,False,True,1,1
CB-1316,item_not_received,470.12,True,False,False,False,True,False,0,0
CB-1317,item_not_received,572.44,True,True,False,False,False,True,0,1
CB-1318,item_not_received,3326.92,False,True,False,False,False,True,0,0
CB-1319,unauthorized,2416.58,True,True,True,True,True,True,1,1
CB-1320,unauthorized,1392.41,True,True,True,True,True,True,1,1
CB-1321,item_not_received,2039.37,True,True,False,False,False,True,0,0
CB-1322,unauthorized,1942.37,True,False,False,False,False,True,0,0
CB-1323,unauthorized,1430.95,True,True,True,False,True,False,1,1
CB-1324,item_not_received,610.1,False,True,True,False,True,True,0,0
CB-1325,not_as_described,3759.33,True,True,False,False,False,False,0,1
CB-1326,unauthorized,1434.14,True,True,True,False,False,True,1,0
CB-1327,unauthorized,576.82,True,False,True,True,False,False,0,0
CB-1328,item_not_received,1447.99,True,False,True,True,False,False,0,1
CB-1329,not_as_described,5010.14,True,False,True,False,False,False,0,0
CB-1330,item_not_received,1376.75,True,True,True,True,False,True,1,0
CB-1331,item_not_received,287.13,True,True,True,False,False,False,0,0
CB-1332,item_not_received,1252.34,True,True,True,True,True,True,1,1
CB-1333,unauthorized,647.36,True,True,False,False,True,True,1,1
CB-1334,unauthorized,1867.97,True,False,True,False,False,False,0,0
CB-1335,item_not_received,1023.48,True,True,False,True,False,True,1,1
CB-1336,item_not_received,1573.59,True,False,True,True,True,True,1,0
CB-1337,duplicate_charge,1637.48,True,True,True,False,True,True,1,1
CB-1338,not_as_described,916.88,True,True,False,True,True,False,1,1
CB-1339,unauthorized,440.12,True,False,False,False,True,False,0,0
CB-1340,unauthorized,9813.86,False,True,True,True,True,True,1,1
CB-1341,item_not_received,1457.08,True,True,True,True,False,False,1,0
CB-1342,item_not_received,6033.69,True,True,False,False,False,True,0,0
CB-1343,not_as_described,131.2,False,True,False,False,False,False,0,0
CB-1344,not_as_described,4088.27,True,True,False,False,False,False,0,0
CB-1345,not_as_described,256.43,True,True,False,False,False,False,0,0
CB-1346,item_not_received,6268.84,True,True,True,True,True,True,1,1
CB-1347,unauthorized,2479.52,True,True,True,True,True,True,1,0
CB-1348,unauthorized,3853.36,False,True,True,False,False,False,0,0
CB-1349,item_not_received,3705.98,True,True,True,True,False,True,1,1
CB-1350,item_not_received,2038.16,True,True,False,True,True,True,1,1
CB-1351,unauthorized,1004.94,True,True,False,False,False,True,1,1
CB-1352,item_not_received,795.74,True,True,False,False,False,True,1,1
CB-1353,unauthorized,394.59,True,True,False,False,False,False,0,0
CB-1354,unauthorized,912.29,True,True,True,True,False,True,1,1
CB-1355,item_not_received,2638.14,False,True,True,False,False,False,0,0
CB-1356,not_as_described,1353.67,True,True,False,False,True,True,1,1
CB-1357,item_not_received,1832.7,True,True,True,True,False,False,1,0
CB-1358,not_as_described,1526.66,True,True,False,True,True,False,1,1
CB-1359,unauthorized,1090.57,True,True,False,False,True,True,0,0
CB-1360,unauthorized,3761.65,True,True,True,True,True,True,1,1
CB-1361,item_not_received,450.0,True,True,False,True,False,True,1,0
CB-1362,item_not_received,357.74,True,False,False,False,False,False,0,0
CB-1363,item_not_received,6649.97,False,False,True,False,False,False,0,0
CB-1364,item_not_received,3096.43,True,True,False,False,True,True,1,0
CB-1365,unauthorized,706.7,True,True,True,True,True,True,1,1
CB-1366,unauthorized,9870.61,True,True,False,False,True,True,0,0
CB-1367,item_not_received,879.56,True,True,True,True,False,True,1,1
CB-1368,item_not_received,4475.45,False,False,True,True,True,True,1,1
CB-1369,item_not_received,1359.66,True,False,True,False,False,True,0,0
CB-1370,not_as_described,1838.68,True,True,True,True,False,True,1,0
CB-1371,item_not_received,3046.83,True,True,False,True,False,True,1,1
CB-1372,unauthorized,2762.16,True,False,False,False,False,True,0,0
CB-1373,not_as_described,3874.28,True,True,True,True,True,True,1,1
CB-1374,unauthorized,752.78,False,True,True,True,True,False,1,1
CB-1375,item_not_received,601.75,True,True,False,False,True,True,0,0
CB-1376,unauthorized,1325.73,False,True,False,False,False,False,0,0
CB-1377,not_as_described,1914.94,True,False,True,True,False,False,1,1
CB-1378,item_not_received,5731.71,True,True,True,False,False,True,0,0
CB-1379,item_not_received,1763.55,False,True,True,False,False,True,0,0
CB-1380,not_as_described,847.66,False,False,True,False,False,False,0,0
CB-1381,item_not_received,6426.05,True,True,True,True,True,True,1,1
CB-1382,item_not_received,1162.69,True,True,False,False,True,True,1,0
CB-1383,unauthorized,1276.8,False,True,False,True,False,False,0,0
CB-1384,unauthorized,984.32,True,True,False,False,True,False,0,1
CB-1385,unauthorized,192.41,False,True,False,False,False,True,0,0
CB-1386,unauthorized,328.43,True,True,True,False,True,True,1,1
CB-1387,not_as_described,3826.79,False,True,True,True,False,True,1,1
CB-1388,unauthorized,2170.2,False,True,False,True,False,False,0,0
CB-1389,item_not_received,3401.12,True,True,False,True,False,False,0,0
CB-1390,not_as_described,3521.65,True,False,True,False,False,True,0,0
CB-1391,unauthorized,660.6,False,True,False,True,True,True,0,0
CB-1392,not_as_described,403.5,True,True,True,False,True,False,1,1
CB-1393,unauthorized,1168.35,True,False,True,False,False,False,0,0
CB-1394,unauthorized,1076.43,True,True,True,True,True,True,1,0
CB-1395,unauthorized,1741.99,True,False,True,True,False,False,0,0
CB-1396,item_not_received,2396.07,True,True,True,False,True,True,1,1
CB-1397,not_as_described,1861.26,True,True,True,False,True,True,1,0
CB-1398,not_as_described,1332.05,True,True,True,True,False,True,1,1
CB-1399,not_as_described,1819.52,False,True,True,False,True,False,0,0
CB-1400,unauthorized,1317.52,True,True,False,True,False,False,1,1
CB-1401,item_not_received,816.62,True,True,True,True,False,True,1,0
CB-1402,not_as_described,2831.41,True,True,True,False,True,True,1,1
CB-1403,not_as_described,1011.6,True,True,True,False,True,True,1,1
CB-1404,unauthorized,1927.99,True,False,False,False,False,True,0,0
CB-1405,unauthorized,466.79,False,True,False,False,True,True,0,0
CB-1406,item_not_received,1669.88,False,True,False,False,False,False,0,0
CB-1407,unauthorized,416.34,True,True,False,False,True,True,1,1
CB-1408,not_as_described,12119.4,True,True,True,False,True,False,1,1
CB-1409,unauthorized,935.78,True,True,True,False,True,True,1,1
CB-1410,unauthorized,636.24,False,True,True,False,True,True,1,1
CB-1411,not_as_described,242.59,False,True,True,True,True,True,1,0
CB-1412,item_not_received,504.42,False,True,True,True,True,True,1,1
CB-1413,item_not_received,6773.86,False,True,False,False,False,False,0,0
CB-1414,unauthorized,9138.53,False,True,False,False,True,True,1,0
CB-1415,item_not_received,1514.49,True,True,True,True,True,True,1,1
CB-1416,duplicate_charge,1838.64,True,False,False,True,False,True,1,1
CB-1417,not_as_described,898.88,True,True,True,False,False,True,1,1
CB-1418,unauthorized,2559.88,True,False,True,False,True,True,1,0
CB-1419,unauthorized,469.3,False,True,False,True,False,True,0,1
CB-1420,item_not_received,1347.79,False,True,True,False,False,True,0,0
CB-1421,not_as_described,1111.77,True,True,False,False,True,True,0,0
CB-1422,unauthorized,528.72,True,True,True,True,False,True,1,1
CB-1423,item_not_received,790.2,True,True,False,True,True,True,1,1
CB-1424,duplicate_charge,4202.09,True,True,True,True,True,True,1,0
CB-1425,item_not_received,1763.36,False,False,True,True,False,True,0,1
CB-1426,unauthorized,4311.42,True,False,False,False,True,True,1,1
CB-1427,item_not_received,1837.25,True,True,True,False,False,False,0,0
CB-1428,item_not_received,1241.25,True,True,False,False,True,True,1,0
CB-1429,not_as_described,3578.04,True,True,False,False,False,True,0,0
CB-1430,not_as_described,173.41,True,False,True,False,False,False,0,0
CB-1431,unauthorized,2064.52,False,True,True,True,False,True,1,1
CB-1432,duplicate_charge,1203.6,True,True,True,True,True,True,1,1
CB-1433,item_not_received,658.96,True,True,True,False,True,False,1,1
CB-1434,unauthorized,4753.32,True,True,False,False,True,False,0,0
CB-1435,not_as_described,2719.45,False,True,False,True,False,True,0,0
CB-1436,unauthorized,958.73,True,True,True,True,True,True,1,1
CB-1437,not_as_described,1046.16,False,True,True,True,False,False,1,1
CB-1438,item_not_received,1043.92,True,True,True,True,False,True,1,1
CB-1439,not_as_described,1969.94,True,True,True,False,False,False,0,0
CB-1440,item_not_received,918.37,True,True,False,False,False,True,0,0
CB-1441,unauthorized,1452.23,True,True,False,False,False,False,0,0
CB-1442,not_as_described,4490.98,True,True,True,False,True,True,1,1
CB-1443,item_not_received,2068.89,True,True,False,True,True,True,1,1
CB-1444,unauthorized,3146.74,True,True,True,False,True,True,1,1
CB-1445,unauthorized,784.68,True,True,False,False,True,True,1,0
CB-1446,duplicate_charge,940.76,True,True,True,False,True,False,1,1
CB-1447,unauthorized,760.79,True,False,True,True,True,True,1,0
CB-1448,unauthorized,1371.98,True,True,True,True,False,False,0,0
CB-1449,item_not_received,1643.33,False,True,False,False,False,False,0,0
CB-1450,not_as_described,306.5,True,True,True,True,True,True,1,1
CB-1451,unauthorized,24357.89,True,True,True,False,True,True,1,1
CB-1452,duplicate_charge,13754.45,False,True,True,True,False,True,1,1
CB-1453,not_as_described,291.49,True,True,False,False,True,False,0,1
CB-1454,item_not_received,4321.64,True,True,False,False,True,False,0,1
CB-1455,item_not_received,1037.08,True,False,False,False,False,False,0,0
CB-1456,unauthorized,754.37,True,True,True,True,True,True,1,1
CB-1457,unauthorized,761.0,True,True,True,True,True,True,1,0
CB-1458,unauthorized,414.53,True,True,True,False,True,True,1,1
CB-1459,unauthorized,930.79,True,True,False,True,False,True,0,0
CB-1460,item_not_received,749.13,False,True,False,False,False,False,0,0
CB-1461,unauthorized,433.48,True,True,True,True,True,False,1,0
CB-1462,unauthorized,844.86,False,False,False,False,False,False,0,0
CB-1463,unauthorized,1372.52,True,True,False,False,True,False,1,1
CB-1464,item_not_received,337.99,True,True,True,True,True,True,1,0
CB-1465,unauthorized,1979.73,True,False,True,False,True,True,1,1
CB-1466,unauthorized,1083.08,True,True,False,True,True,True,1,0
CB-1467,item_not_received,1020.4,True,True,False,False,True,False,1,1
CB-1468,item_not_received,888.9,True,True,True,True,True,True,1,1
CB-1469,unauthorized,283.57,True,True,True,False,False,True,1,1
CB-1470,unauthorized,2947.22,True,True,False,False,True,True,1,1
CB-1471,not_as_described,2663.23,True,False,True,True,False,True,0,1
CB-1472,unauthorized,706.88,False,False,False,False,False,False,0,0
CB-1473,unauthorized,502.43,True,True,True,False,True,False,0,0
CB-1474,item_not_received,581.58,True,True,True,False,True,False,1,1
CB-1475,unauthorized,1422.83,True,True,False,True,False,True,1,1
CB-1476,unauthorized,2189.38,True,True,True,True,False,True,1,1
CB-1477,item_not_received,1462.78,True,True,True,True,True,True,1,0
CB-1478,not_as_described,2159.56,False,True,True,False,False,True,0,0
CB-1479,not_as_described,1224.89,True,True,True,True,False,True,1,1
CB-1480,item_not_received,1882.96,True,True,False,False,False,False,0,0
CB-1481,item_not_received,7600.84,True,True,False,False,True,True,1,1
CB-1482,item_not_received,1713.41,True,True,True,True,True,True,1,0
CB-1483,unauthorized,388.79,False,True,True,False,False,True,0,0
CB-1484,not_as_described,1259.67,True,False,False,False,False,True,0,0
CB-1485,not_as_described,4578.47,True,True,True,True,False,True,1,1
CB-1486,not_as_described,401.86,True,True,True,False,True,True,1,1
CB-1487,unauthorized,1906.58,True,True,True,False,False,True,0,0
CB-1488,unauthorized,5325.9,False,True,True,True,True,True,1,1
CB-1489,item_not_received,2295.66,True,True,False,False,False,True,1,0
CB-1490,unauthorized,4318.48,False,True,True,False,True,False,0,0
CB-1491,unauthorized,9211.43,True,True,True,True,True,True,1,1
CB-1492,item_not_received,2375.93,True,True,True,False,True,True,1,1
CB-1493,item_not_received,778.15,True,True,True,True,False,True,1,1
CB-1494,unauthorized,428.17,False,True,True,False,False,False,0,0
CB-1495,item_not_received,7581.66,False,False,False,False,False,False,0,0
CB-1496,item_not_received,1331.13,True,False,True,False,False,True,0,0
CB-1497,unauthorized,2102.55,True,True,True,True,True,True,1,1
CB-1498,not_as_described,5797.63,False,True,False,False,False,True,1,1
CB-1499,unauthorized,658.32,True,True,False,True,False,False,0,0
